{
  "project_info": {
    "project_number": "549961517223",
    "firebase_url": "https://conmutacion-final-93db1.firebaseio.com",
    "project_id": "conmutacion-final-93db1",
    "storage_bucket": "conmutacion-final-93db1.appspot.com"
  },
  "client": [
    {
      "client_info": {
        "mobilesdk_app_id": "1:549961517223:android:eb1d0dc23afd8bfb977382",
        "android_client_info": {
          "package_name": "com.example.citycontrol"
        }
      },
      "oauth_client": [
        {
          "client_id": "549961517223-sll6821ivc72m0ss7cr5ur7lllq0saaa.apps.googleusercontent.com",
          "client_type": 3
        }
      ],
      "api_key": [
        {
          "current_key": "AIzaSyBot_s8R6DCIFucnYDe-UyHQYcwxYrA8R8"
        }
      ],
      "services": {
        "appinvite_service": {
          "other_platform_oauth_client": [
            {
              "client_id": "549961517223-sll6821ivc72m0ss7cr5ur7lllq0saaa.apps.googleusercontent.com",
              "client_type": 3
            }
          ]
        }
      }
    }
  ],
  "configuration_version": "1"
}